arm64	x86_64	name	status	arm64_status	x86_64_status
0	206	io_setup	supported	supported	supported
1	207	io_destroy	supported	supported	supported
2	209	io_submit	supported	supported	supported
3	210	io_cancel	supported	supported	supported
4	208	io_getevents	supported	supported	supported
5	188	setxattr	router-domain-only	router-domain-only	router-domain-only
6	189	lsetxattr	router-domain-only	router-domain-only	router-domain-only
7	190	fsetxattr	router-domain-only	router-domain-only	router-domain-only
8	191	getxattr	router-domain-only	router-domain-only	router-domain-only
9	192	lgetxattr	router-domain-only	router-domain-only	router-domain-only
10	193	fgetxattr	router-domain-only	router-domain-only	router-domain-only
11	194	listxattr	router-domain-only	router-domain-only	router-domain-only
12	195	llistxattr	router-domain-only	router-domain-only	router-domain-only
13	196	flistxattr	router-domain-only	router-domain-only	router-domain-only
14	197	removexattr	router-domain-only	router-domain-only	router-domain-only
15	198	lremovexattr	router-domain-only	router-domain-only	router-domain-only
16	199	fremovexattr	router-domain-only	router-domain-only	router-domain-only
17	79	getcwd	supported	supported	supported
18	212	lookup_dcookie	missing	missing	missing
19	290	eventfd2	supported	supported	supported
20	291	epoll_create1	supported	supported	supported
21	233	epoll_ctl	supported	supported	supported
22	281	epoll_pwait	router-domain-only	router-domain-only	router-domain-only
23	32	dup	supported	supported	supported
24	33	dup2	missing	missing	supported
24	292	dup3	supported	supported	supported
25	72	fcntl	supported	supported	supported
26	294	inotify_init1	supported	supported	supported
27	254	inotify_add_watch	supported	supported	supported
28	255	inotify_rm_watch	supported	supported	supported
29	16	ioctl	supported	supported	supported
30	251	ioprio_set	missing	missing	missing
31	252	ioprio_get	missing	missing	missing
32	73	flock	supported	supported	supported
33	259	mknodat	router-domain-only	router-domain-only	router-domain-only
34	258	mkdirat	supported	supported	supported
35	263	unlinkat	supported	supported	supported
36	266	symlinkat	supported	supported	supported
37	265	linkat	supported	supported	supported
38	264	renameat	supported	supported	supported
39	166	umount2	missing	missing	missing
40	165	mount	missing	missing	missing
41	155	pivot_root	missing	missing	missing
42	180	nfsservctl	missing	missing	missing
43	137	statfs	supported	supported	supported
44	138	fstatfs	supported	supported	supported
45	76	truncate	supported	supported	supported
46	77	ftruncate	supported	supported	supported
47	285	fallocate	supported	supported	supported
48	269	faccessat	supported	supported	supported
49	80	chdir	router-domain-only	router-domain-only	router-domain-only
50	81	fchdir	router-domain-only	router-domain-only	router-domain-only
51	161	chroot	router-domain-only	router-domain-only	router-domain-only
52	91	fchmod	supported	supported	supported
53	268	fchmodat	supported	supported	supported
54	260	fchownat	supported	supported	supported
55	93	fchown	supported	supported	supported
56	257	openat	supported	supported	supported
57	3	close	supported	supported	supported
58	153	vhangup	missing	missing	missing
59	293	pipe2	supported	supported	supported
60	179	quotactl	missing	missing	missing
61	217	getdents64	supported	supported	supported
62	8	lseek	supported	supported	supported
63	0	read	supported	supported	supported
64	1	write	supported	supported	supported
65	19	readv	supported	supported	supported
66	20	writev	supported	supported	supported
67	17	pread64	supported	supported	supported
68	18	pwrite64	supported	supported	supported
69	295	preadv	supported	supported	supported
70	296	pwritev	supported	supported	supported
71	40	sendfile	router-domain-only	router-domain-only	router-domain-only
72	270	pselect6	supported	supported	supported
73	271	ppoll	supported	supported	supported
74	289	signalfd4	supported	supported	supported
75	278	vmsplice	router-domain-only	router-domain-only	router-domain-only
76	275	splice	router-domain-only	router-domain-only	router-domain-only
77	276	tee	router-domain-only	router-domain-only	router-domain-only
78	267	readlinkat	supported	supported	supported
79	262	newfstatat	supported	supported	supported
80	5	fstat	supported	supported	supported
81	162	sync	missing	missing	missing
82	74	fsync	supported	supported	supported
83	75	fdatasync	supported	supported	supported
84	277	sync_file_range	router-domain-only	router-domain-only	router-domain-only
85	283	timerfd_create	supported	supported	supported
86	286	timerfd_settime	supported	supported	supported
87	287	timerfd_gettime	supported	supported	supported
88	280	utimensat	router-domain-only	router-domain-only	router-domain-only
89	163	acct	missing	missing	missing
90	125	capget	supported	supported	supported
91	126	capset	supported	supported	supported
92	135	personality	router-domain-only	router-domain-only	router-domain-only
93	60	exit	supported	supported	supported
94	231	exit_group	supported	supported	supported
95	247	waitid	router-domain-only	router-domain-only	router-domain-only
96	218	set_tid_address	supported	supported	supported
97	272	unshare	supported	supported	supported
98	202	futex	supported	supported	supported
99	273	set_robust_list	supported	supported	supported
100	274	get_robust_list	supported	supported	supported
101	35	nanosleep	supported	supported	supported
102	36	getitimer	supported	supported	supported
103	38	setitimer	supported	supported	supported
104	246	kexec_load	missing	missing	missing
105	175	init_module	missing	missing	missing
106	176	delete_module	missing	missing	missing
107	222	timer_create	supported	supported	supported
108	224	timer_gettime	supported	supported	supported
109	225	timer_getoverrun	supported	supported	supported
110	223	timer_settime	supported	supported	supported
111	226	timer_delete	supported	supported	supported
112	227	clock_settime	supported	supported	supported
113	228	clock_gettime	supported	supported	supported
114	229	clock_getres	supported	supported	supported
115	230	clock_nanosleep	supported	supported	supported
116	103	syslog	missing	missing	missing
117	101	ptrace	router-domain-only	router-domain-only	router-domain-only
118	142	sched_setparam	supported	supported	supported
119	144	sched_setscheduler	supported	supported	supported
120	145	sched_getscheduler	supported	supported	supported
121	143	sched_getparam	supported	supported	supported
122	203	sched_setaffinity	supported	supported	supported
123	204	sched_getaffinity	supported	supported	supported
124	24	sched_yield	router-domain-only	router-domain-only	router-domain-only
125	146	sched_get_priority_max	supported	supported	supported
126	147	sched_get_priority_min	supported	supported	supported
127	148	sched_rr_get_interval	supported	supported	supported
128	219	restart_syscall	missing	missing	missing
129	62	kill	supported	supported	supported
130	200	tkill	supported	supported	supported
131	234	tgkill	supported	supported	supported
132	131	sigaltstack	supported	supported	supported
133	130	rt_sigsuspend	router-domain-only	router-domain-only	router-domain-only
134	13	rt_sigaction	supported	supported	supported
135	14	rt_sigprocmask	supported	supported	supported
136	127	rt_sigpending	supported	supported	supported
137	128	rt_sigtimedwait	router-domain-only	router-domain-only	router-domain-only
138	129	rt_sigqueueinfo	supported	supported	supported
139	15	rt_sigreturn	supported	supported	supported
140	141	setpriority	router-domain-only	router-domain-only	router-domain-only
141	140	getpriority	router-domain-only	router-domain-only	router-domain-only
142	169	reboot	missing	missing	missing
143	114	setregid	supported	supported	supported
144	106	setgid	supported	supported	supported
145	113	setreuid	supported	supported	supported
146	105	setuid	supported	supported	supported
147	117	setresuid	supported	supported	supported
148	118	getresuid	supported	supported	supported
149	119	setresgid	supported	supported	supported
150	120	getresgid	supported	supported	supported
151	122	setfsuid	supported	supported	supported
152	123	setfsgid	supported	supported	supported
153	100	times	router-domain-only	router-domain-only	router-domain-only
154	109	setpgid	supported	supported	supported
155	121	getpgid	supported	supported	supported
156	124	getsid	supported	supported	supported
157	112	setsid	supported	supported	supported
158	115	getgroups	supported	supported	supported
159	116	setgroups	supported	supported	supported
160	63	uname	supported	supported	supported
161	170	sethostname	supported	supported	supported
162	171	setdomainname	supported	supported	supported
163	97	getrlimit	supported	supported	supported
164	160	setrlimit	supported	supported	supported
165	98	getrusage	router-domain-only	router-domain-only	router-domain-only
166	95	umask	supported	supported	supported
167	157	prctl	supported	supported	supported
168	309	getcpu	router-domain-only	router-domain-only	router-domain-only
169	96	gettimeofday	supported	supported	supported
170	164	settimeofday	missing	missing	missing
171	159	adjtimex	supported	supported	supported
172	39	getpid	supported	supported	supported
173	110	getppid	supported	supported	supported
174	102	getuid	supported	supported	supported
175	107	geteuid	supported	supported	supported
176	104	getgid	supported	supported	supported
177	108	getegid	supported	supported	supported
178	186	gettid	supported	supported	supported
179	99	sysinfo	supported	supported	supported
180	240	mq_open	router-domain-only	router-domain-only	router-domain-only
181	241	mq_unlink	router-domain-only	router-domain-only	router-domain-only
182	242	mq_timedsend	router-domain-only	router-domain-only	router-domain-only
183	243	mq_timedreceive	router-domain-only	router-domain-only	router-domain-only
184	244	mq_notify	router-domain-only	router-domain-only	router-domain-only
185	245	mq_getsetattr	router-domain-only	router-domain-only	router-domain-only
186	68	msgget	supported	supported	supported
187	71	msgctl	supported	supported	supported
188	70	msgrcv	supported	supported	supported
189	69	msgsnd	supported	supported	supported
190	64	semget	supported	supported	supported
191	66	semctl	supported	supported	supported
192	220	semtimedop	supported	supported	supported
193	65	semop	supported	supported	supported
194	29	shmget	supported	supported	supported
195	31	shmctl	supported	supported	supported
196	30	shmat	supported	supported	supported
197	67	shmdt	supported	supported	supported
198	41	socket	supported	supported	supported
199	53	socketpair	supported	supported	supported
200	49	bind	supported	supported	supported
201	50	listen	supported	supported	supported
202	43	accept	supported	supported	supported
203	42	connect	supported	supported	supported
204	51	getsockname	supported	supported	supported
205	52	getpeername	supported	supported	supported
206	44	sendto	supported	supported	supported
207	45	recvfrom	supported	supported	supported
208	54	setsockopt	supported	supported	supported
209	55	getsockopt	supported	supported	supported
210	48	shutdown	supported	supported	supported
211	46	sendmsg	supported	supported	supported
212	47	recvmsg	supported	supported	supported
213	187	readahead	supported	supported	supported
214	12	brk	supported	supported	supported
215	11	munmap	supported	supported	supported
216	25	mremap	supported	supported	supported
217	248	add_key	missing	missing	missing
218	249	request_key	missing	missing	missing
219	250	keyctl	missing	missing	missing
220	56	clone	supported	supported	supported
221	59	execve	supported	supported	supported
222	9	mmap	supported	supported	supported
223	221	fadvise64	supported	supported	supported
224	167	swapon	missing	missing	missing
225	168	swapoff	missing	missing	missing
226	10	mprotect	supported	supported	supported
227	26	msync	supported	supported	supported
228	149	mlock	supported	supported	supported
229	150	munlock	supported	supported	supported
230	151	mlockall	supported	supported	supported
231	152	munlockall	supported	supported	supported
232	27	mincore	supported	supported	supported
233	28	madvise	supported	supported	supported
234	216	remap_file_pages	missing	missing	missing
235	237	mbind	missing	missing	missing
236	239	get_mempolicy	router-domain-only	router-domain-only	router-domain-only
237	238	set_mempolicy	missing	missing	missing
238	256	migrate_pages	missing	missing	missing
239	279	move_pages	router-domain-only	router-domain-only	router-domain-only
240	297	rt_tgsigqueueinfo	supported	supported	supported
241	298	perf_event_open	missing	missing	missing
242	288	accept4	supported	supported	supported
243	299	recvmmsg	router-domain-only	router-domain-only	router-domain-only
260	61	wait4	supported	supported	supported
261	302	prlimit64	supported	supported	supported
262	300	fanotify_init	router-domain-only	router-domain-only	router-domain-only
263	301	fanotify_mark	router-domain-only	router-domain-only	router-domain-only
264	303	name_to_handle_at	router-domain-only	router-domain-only	router-domain-only
265	304	open_by_handle_at	router-domain-only	router-domain-only	router-domain-only
266	305	clock_adjtime	supported	supported	supported
267	306	syncfs	supported	supported	supported
268	308	setns	supported	supported	supported
269	307	sendmmsg	router-domain-only	router-domain-only	router-domain-only
270	310	process_vm_readv	router-domain-only	router-domain-only	router-domain-only
271	311	process_vm_writev	router-domain-only	router-domain-only	router-domain-only
272	312	kcmp	missing	missing	missing
273	313	finit_module	missing	missing	missing
274	314	sched_setattr	supported	supported	supported
275	315	sched_getattr	supported	supported	supported
276	316	renameat2	router-domain-only	router-domain-only	router-domain-only
277	317	seccomp	supported	supported	supported
278	318	getrandom	supported	supported	supported
279	319	memfd_create	supported	supported	supported
280	321	bpf	router-domain-only	router-domain-only	router-domain-only
281	322	execveat	supported	supported	supported
282	323	userfaultfd	router-domain-only	router-domain-only	router-domain-only
283	324	membarrier	supported	supported	supported
284	325	mlock2	supported	supported	supported
285	326	copy_file_range	router-domain-only	router-domain-only	router-domain-only
286	327	preadv2	supported	supported	supported
287	328	pwritev2	supported	supported	supported
288	329	pkey_mprotect	missing	missing	missing
289	330	pkey_alloc	missing	missing	missing
290	331	pkey_free	missing	missing	missing
291	332	statx	supported	supported	supported
292	333	io_pgetevents	missing	missing	missing
293	334	rseq	missing	missing	missing
294	320	kexec_file_load	missing	missing	missing
424	424	pidfd_send_signal	supported	supported	supported
425	425	io_uring_setup	router-domain-only	router-domain-only	router-domain-only
426	426	io_uring_enter	router-domain-only	router-domain-only	router-domain-only
427	427	io_uring_register	router-domain-only	router-domain-only	router-domain-only
428	428	open_tree	missing	missing	missing
429	429	move_mount	missing	missing	missing
430	430	fsopen	missing	missing	missing
431	431	fsconfig	missing	missing	missing
432	432	fsmount	missing	missing	missing
433	433	fspick	missing	missing	missing
434	434	pidfd_open	supported	supported	supported
435	435	clone3	router-domain-only	router-domain-only	router-domain-only
436	436	close_range	supported	supported	supported
437	437	openat2	router-domain-only	router-domain-only	router-domain-only
438	438	pidfd_getfd	supported	supported	supported
439	439	faccessat2	supported	supported	supported
440	440	process_madvise	missing	missing	missing
441	441	epoll_pwait2	router-domain-only	router-domain-only	router-domain-only
442	442	mount_setattr	missing	missing	missing
443	443	quotactl_fd	missing	missing	missing
444	444	landlock_create_ruleset	missing	missing	missing
445	445	landlock_add_rule	missing	missing	missing
446	446	landlock_restrict_self	missing	missing	missing
447	447	memfd_secret	missing	missing	missing
448	448	process_mrelease	missing	missing	missing
449	449	futex_waitv	router-domain-only	router-domain-only	router-domain-only
450	450	set_mempolicy_home_node	missing	missing	missing
451	451	cachestat	missing	missing	missing
452	452	fchmodat2	router-domain-only	router-domain-only	router-domain-only
453	453	map_shadow_stack	missing	missing	missing
454	454	futex_wake	missing	missing	missing
455	455	futex_wait	missing	missing	missing
456	456	futex_requeue	missing	missing	missing
457	457	statmount	missing	missing	missing
458	458	listmount	missing	missing	missing
459	459	lsm_get_self_attr	missing	missing	missing
460	460	lsm_set_self_attr	missing	missing	missing
461	461	lsm_list_modules	missing	missing	missing
462	462	mseal	missing	missing	missing
463	463	setxattrat	missing	missing	missing
464	464	getxattrat	missing	missing	missing
465	465	listxattrat	missing	missing	missing
466	466	removexattrat	missing	missing	missing
467	467	open_tree_attr	missing	missing	missing
468	468	file_getattr	missing	missing	missing
469	469	file_setattr	missing	missing	missing
470	470	listns	missing	missing	missing
471	471	rseq_slice_yield	missing	missing	missing
-	2	open	router-domain-only	not-applicable	router-domain-only
-	4	stat	router-domain-only	not-applicable	router-domain-only
-	6	lstat	router-domain-only	not-applicable	router-domain-only
-	7	poll	supported	not-applicable	supported
-	21	access	supported	not-applicable	supported
-	22	pipe	router-domain-only	not-applicable	router-domain-only
-	23	select	supported	not-applicable	supported
-	34	pause	router-domain-only	not-applicable	router-domain-only
-	37	alarm	supported	not-applicable	supported
-	57	fork	supported	not-applicable	supported
-	58	vfork	router-domain-only	not-applicable	router-domain-only
-	82	rename	router-domain-only	not-applicable	router-domain-only
-	83	mkdir	router-domain-only	not-applicable	router-domain-only
-	84	rmdir	router-domain-only	not-applicable	router-domain-only
-	85	creat	router-domain-only	not-applicable	router-domain-only
-	86	link	router-domain-only	not-applicable	router-domain-only
-	87	unlink	router-domain-only	not-applicable	router-domain-only
-	88	symlink	router-domain-only	not-applicable	router-domain-only
-	89	readlink	router-domain-only	not-applicable	router-domain-only
-	90	chmod	router-domain-only	not-applicable	router-domain-only
-	92	chown	router-domain-only	not-applicable	router-domain-only
-	94	lchown	router-domain-only	not-applicable	router-domain-only
-	111	getpgrp	supported	not-applicable	supported
-	132	utime	router-domain-only	not-applicable	router-domain-only
-	133	mknod	router-domain-only	not-applicable	router-domain-only
-	201	time	supported	not-applicable	supported
-	213	epoll_create	router-domain-only	not-applicable	router-domain-only
-	232	epoll_wait	supported	not-applicable	supported
-	235	utimes	router-domain-only	not-applicable	router-domain-only
-	253	inotify_init	router-domain-only	not-applicable	router-domain-only
-	261	futimesat	router-domain-only	not-applicable	router-domain-only
-	282	signalfd	router-domain-only	not-applicable	router-domain-only
-	284	eventfd	router-domain-only	not-applicable	router-domain-only
