kernel,native_arm64_ms,dd_arm64_ms,dd_arm64_x,dd_x86_ms,dd_x86_x,qemu_x86_ms,qemu_x86_x
muldiv,717.6,710.4,0.99,17810.8,24.82,4886.9,6.81
simd,716.1,737.6,1.03,2255.7,3.15,11242.8,15.70
memcpy,652.8,613.6,0.94,1638.5,2.51,2043.3,3.13
call,754.8,1003.9,1.33,1585.1,2.10,6861.1,9.09
branch,735.4,764.8,1.04,1389.9,1.89,1095.7,1.49
alu,789.0,789.0,1.00,1388.6,1.76,962.6,1.22
fp,714.5,714.5,1.00,1121.8,1.57,5537.4,7.75
mem,877.5,491.4,0.56,693.2,0.79,1921.7,2.19
syscall,500.8,125.2,0.25,120.2,0.24,881.4,1.76
